{"mean": [0.29308323563892147, 0.06096131301289566, 0.01406799531066823, 0.03985932004689332, 0.0, 9.769072737964034], "scale": [0.4551762874165791, 0.2392593390625306, 0.11777133275380362, 0.19562861409388166, 1.0, 9.889307077766007], "feature_names": ["hyaluronic_acid", "niacinamide", "retinol", "vitamin_c", "fragrance_free", "price_norm"]}